{
  "Total Return [%]": NaN,
  "Annual Return [%]": 6575.135630118346,
  "Sharpe Ratio": 49.598564637484955,
  "Max Drawdown [%]": -3.2736774326472706
}