{
  "Total Return [%]": NaN,
  "Annual Return [%]": -112.0984090493965,
  "Sharpe Ratio": -3.2746048867960114,
  "Max Drawdown [%]": -36.50188685460062,
  "CAGR [%]": NaN,
  "MAR Ratio": NaN,
  "Meets Criteria": false
}