{
    "accuracy": {
        "mean": 0.8380267423014587,
        "std": 0.007394651539708308,
        "values": [
            0.845421393841167,
            0.8306320907617504
        ]
    },
    "precision": {
        "mean": 0.7132784574007753,
        "std": 0.014311879251958981,
        "values": [
            0.7275903366527343,
            0.6989665781488164
        ]
    },
    "recall": {
        "mean": 0.7639414458488663,
        "std": 0.00854425873035497,
        "values": [
            0.7724857045792213,
            0.7553971871185113
        ]
    },
    "f1": {
        "mean": 0.7334300015809756,
        "std": 0.012525830269195681,
        "values": [
            0.7459558318501713,
            0.72090417131178
        ]
    }
}