{
  "Total Return [%]": null,
  "Annual Return [%]": 70.01173174479838,
  "Sharpe Ratio": 3.117080287272779,
  "Max Drawdown [%]": -20.249594464604858
}
