{
  "Total Return [%]": 1831975.7000220888,
  "Annual Return [%]": 692.9832187599684,
  "Sharpe Ratio": 19.22096804690422,
  "Max Drawdown [%]": -3.10467193818712,
  "CAGR [%]": 7.421264323105703,
  "MAR Ratio": 2.390353786441967,
  "Meets Criteria": true
}