{
    "accuracy": {
        "mean": 0.8335069444444444,
        "std": 0.007118055555555558,
        "values": [
            0.8263888888888888,
            0.840625
        ]
    },
    "precision": {
        "mean": 0.7049116315062898,
        "std": 0.012481367035711066,
        "values": [
            0.6924302644705786,
            0.7173929985420008
        ]
    },
    "recall": {
        "mean": 0.761617870347446,
        "std": 0.010993124044592628,
        "values": [
            0.7506247463028534,
            0.7726109943920386
        ]
    },
    "f1": {
        "mean": 0.7269594758301379,
        "std": 0.012528801183563976,
        "values": [
            0.7144306746465738,
            0.7394882770137018
        ]
    }
}