{
  "Total Return [%]": NaN,
  "Annual Return [%]": 692.9832187599684,
  "Sharpe Ratio": 19.525174480479578,
  "Max Drawdown [%]": -3.1039837808214843
}