{
  "Total Return [%]": 14612058.799609018,
  "Annual Return [%]": 6575.135630118346,
  "Sharpe Ratio": 49.168255723626736,
  "Max Drawdown [%]": -3.2741475349057136,
  "CAGR [%]": 9.060379611944791,
  "MAR Ratio": 2.7672484258427605,
  "Meets Criteria": true
}